genus,family
Abditomys,Muridae
Abeomelomys,Muridae
Abrawayaomys,Cricetidae
Abrocoma,Abrocomidae
Abrothrix,Cricetidae
Acerodon,Pteropodidae
Acinonyx,Felidae
Acomys,Muridae
Aconaemys,Octodontidae
Acrobates,Acrobatidae
Addax,Bovidae
Aegialomys,Cricetidae
Aepeomys,Cricetidae
Aepyceros,Bovidae
Aepyprymnus,Potoroidae
Aeretes,Sciuridae
Aeromys,Sciuridae
Aethalops,Pteropodidae
Aethomys,Muridae
Ailuropoda,Ursidae
Ailurops,Phalangeridae
Ailurus,Ailuridae
Akodon,Cricetidae
Alcelaphus,Bovidae
Alces,Cervidae
Alionycteris,Pteropodidae
Allactaga,Dipodidae
Allactodipus,Dipodidae
Allenopithecus,Cercopithecidae
Allocebus,Cheirogaleidae
Allocricetulus,Cricetidae
Alouatta,Atelidae
Alticola,Cricetidae
Amblysomus,Chrysochloridae
Ametrida,Phyllostomidae
Ammodillus,Muridae
Ammodorcas,Bovidae
Ammospermophilus,Sciuridae
Ammotragus,Bovidae
Amorphochilus,Furipteridae
Amphinectomys,Cricetidae
Anathana,Tupaiidae
Andalgalomys,Cricetidae
Andinomys,Cricetidae
Anisomys,Muridae
Anomalurus,Anomaluridae
Anonymomys,Muridae
Anotomys,Cricetidae
Anoura,Phyllostomidae
Anourosorex,Soricidae
Antechinomys,Dasyuridae
Antechinus,Dasyuridae
Anthops,Hipposideridae
Antidorcas,Bovidae
Antilocapra,Antilocapridae
Antilope,Bovidae
Antrozous,Vespertilionidae
Aonyx,Mustelidae
Aotus,Aotidae
Aplodontia,Aplodontiidae
Apodemus,Muridae
Apomys,Muridae
Aproteles,Pteropodidae
Arabitragus,Bovidae
Arborimus,Cricetidae
Archaeolemur,Archaeolemuridae
Archboldomys,Muridae
Arctictis,Viverridae
Arctocebus,Lorisidae
Arctocephalus,Otariidae
Arctodus,Ursidae
Arctogalidia,Viverridae
Arctonyx,Mustelidae
Ardops,Phyllostomidae
Arielulus,Vespertilionidae
Ariteus,Phyllostomidae
Artibeus,Phyllostomidae
Arvicanthis,Muridae
Arvicola,Cricetidae
Asellia,Hipposideridae
Aselliscus,Hipposideridae
Atelerix,Erinaceidae
Ateles,Atelidae
Atelocynus,Canidae
Atherurus,Hystricidae
Atilax,Herpestidae
Atlantoxerus,Sciuridae
Auliscomys,Cricetidae
Avahi,Indriidae
Axis,Cervidae
Babyrousa,Suidae
Baiomys,Cricetidae
Baiyankamys,Muridae
Balaena,Balaenidae
Balaenoptera,Balaenopteridae
Balantiopteryx,Emballonuridae
Balionycteris,Pteropodidae
Bandicota,Muridae
Barbastella,Vespertilionidae
Bassaricyon,Procyonidae
Bassariscus,Procyonidae
Bathyergus,Bathyergidae
Batomys,Muridae
Bauerus,Vespertilionidae
Bdeogale,Herpestidae
Beamys,Nesomyidae
Beatragus,Bovidae
Belomys,Sciuridae
Berardius,Hyperoodontidae
Berylmys,Muridae
Bettongia,Potoroidae
Bibimys,Cricetidae
Bison,Bovidae
Biswamoyopterus,Sciuridae
Blanfordimys,Cricetidae
Blarina,Soricidae
Blarinella,Soricidae
Blarinomys,Cricetidae
Blastocerus,Cervidae
Boromys,Echimyidae
Bos,Bovidae
Boselaphus,Bovidae
Brachiones,Muridae
Brachylagus,Leporidae
Brachyphylla,Phyllostomidae
Brachytarsomys,Nesomyidae
Brachyteles,Atelidae
Brachyuromys,Nesomyidae
Bradypus,Bradypodidae
Brotomys,Echimyidae
Brucepattersonius,Cricetidae
Bubalus,Bovidae
Budorcas,Bovidae
Bullimus,Muridae
Bunolagus,Leporidae
Bunomys,Muridae
Burramys,Burramyidae
Cabassous,Dasypodidae
Cacajao,Pitheciidae
Caenolestes,Caenolestidae
Calassomys,Cricetidae
Calcochloris,Chrysochloridae
Callibella,Callitrichidae
Callicebus,Pitheciidae
Callimico,Callitrichidae
Callistomys,Echimyidae
Callithrix,Callitrichidae
Callorhinus,Otariidae
Callosciurus,Sciuridae
Callospermophilus,Sciuridae
Calomys,Cricetidae
Calomyscus,Calomyscidae
Caloprymnus,Potoroidae
Caluromys,Didelphidae
Caluromysiops,Didelphidae
Calyptophractus,Dasypodidae
Camelus,Camelidae
Canis,Canidae
Cannomys,Spalacidae
Cansumys,Cricetidae
Caperea,Neobalaenidae
Capra,Bovidae
Capreolus,Cervidae
Capricornis,Bovidae
Caprolagus,Leporidae
Capromys,Capromyidae
Caracal,Felidae
Cardiocranius,Dipodidae
Cardioderma,Megadermatidae
Carollia,Phyllostomidae
Carpitalpa,Chrysochloridae
Carpomys,Muridae
Carterodon,Echimyidae
Caryomys,Cricetidae
Casinycteris,Pteropodidae
Castor,Castoridae
Catagonus,Tayassuidae
Catopuma,Felidae
Cavia,Caviidae
Cebuella,Callitrichidae
Cebus,Cebidae
Centronycteris,Emballonuridae
Centurio,Phyllostomidae
Cephalophus,Bovidae
Cephalorhynchus,Delphinidae
Ceratotherium,Rhinocerotidae
Cercartetus,Burramyidae
Cercocebus,Cercopithecidae
Cercopithecus,Cercopithecidae
Cerdocyon,Canidae
Cerradomys,Cricetidae
Cervus,Cervidae
Chacodelphys,Didelphidae
Chaerephon,Molossidae
Chaeropus,Chaeropodidae
Chaetocauda,Gliridae
Chaetodipus,Heteromyidae
Chaetomys,Erethizontidae
Chaetophractus,Dasypodidae
Chalinolobus,Vespertilionidae
Cheirogaleus,Cheirogaleidae
Cheiromeles,Molossidae
Chelemys,Cricetidae
Chibchanomys,Cricetidae
Chilomys,Cricetidae
Chilonatalus,Natalidae
Chimarrogale,Soricidae
Chinchilla,Chinchillidae
Chinchillula,Cricetidae
Chionomys,Cricetidae
Chiroderma,Phyllostomidae
Chiromyscus,Muridae
Chironax,Pteropodidae
Chironectes,Didelphidae
Chiropodomys,Muridae
Chiropotes,Pitheciidae
Chiruromys,Muridae
Chlamyphorus,Dasypodidae
Chlorocebus,Cercopithecidae
Chlorotalpa,Chrysochloridae
Chodsigoa,Soricidae
Choeroniscus,Phyllostomidae
Choeronycteris,Phyllostomidae
Choeropsis,Hippopotamidae
Choloepus,Megalonychidae
Chrotogale,Viverridae
Chrotomys,Muridae
Chrotopterus,Phyllostomidae
Chrysochloris,Chrysochloridae
Chrysocyon,Canidae
Chrysospalax,Chrysochloridae
Cistugo,Cistugidae
Civettictis,Viverridae
Cloeotis,Rhinonycteridae
Clyomys,Echimyidae
Coccymys,Muridae
Coelodonta,Rhinocerotidae
Coelops,Hipposideridae
Coendou,Erethizontidae
Coleura,Emballonuridae
Colobus,Cercopithecidae
Colomys,Muridae
Condylura,Talpidae
Conepatus,Mephitidae
Congosorex,Soricidae
Conilurus,Muridae
Connochaetes,Bovidae
Cormura,Emballonuridae
Corynorhinus,Vespertilionidae
Coryphomys,Muridae
Craseonycteris,Craseonycteridae
Crateromys,Muridae
Cratogeomys,Geomyidae
Cremnomys,Muridae
Cricetomys,Nesomyidae
Cricetulus,Cricetidae
Cricetus,Cricetidae
Crocidura,Soricidae
Crocuta,Hyaenidae
Crossarchus,Herpestidae
Crossomys,Muridae
Crunomys,Muridae
Cryptochloris,Chrysochloridae
Cryptomys,Bathyergidae
Cryptonanus,Didelphidae
Cryptoprocta,Eupleridae
Cryptotis,Soricidae
Ctenodactylus,Ctenodactylidae
Ctenomys,Ctenomyidae
Cuniculus,Cuniculidae
Cuon,Canidae
Cuscomys,Abrocomidae
Cyclopes,Cyclopedidae
Cynictis,Herpestidae
Cynocephalus,Cynocephalidae
Cynogale,Viverridae
Cynomops,Molossidae
Cynomys,Sciuridae
Cynopterus,Pteropodidae
Cystophora,Phocidae
Cyttarops,Emballonuridae
Dacnomys,Muridae
Dactylomys,Echimyidae
Dactylonax,Petauridae
Dactylopsila,Petauridae
Dama,Cervidae
Damaliscus,Bovidae
Dasycercus,Dasyuridae
Dasykaluta,Dasyuridae
Dasymys,Muridae
Dasyprocta,Dasyproctidae
Dasypus,Dasypodidae
Dasyuroides,Dasyuridae
Dasyurus,Dasyuridae
Daubentonia,Daubentoniidae
Delanymys,Nesomyidae
Delomys,Cricetidae
Delphinapterus,Monodontidae
Delphinus,Delphinidae
Deltamys,Cricetidae
Dendrogale,Tupaiidae
Dendrohyrax,Procaviidae
Dendrolagus,Macropodidae
Dendromus,Nesomyidae
Dendroprionomys,Nesomyidae
Deomys,Muridae
Dephomys,Muridae
Dermanura,Phyllostomidae
Desmalopex,Pteropodidae
Desmana,Talpidae
Desmodilliscus,Muridae
Desmodillus,Muridae
Desmodus,Phyllostomidae
Desmomys,Muridae
Diaemus,Phyllostomidae
Dicerorhinus,Rhinocerotidae
Diceros,Rhinocerotidae
Diclidurus,Emballonuridae
Dicrostonyx,Cricetidae
Didelphis,Didelphidae
Dinaromys,Cricetidae
Dinomys,Dinomyidae
Diomys,Muridae
Diphylla,Phyllostomidae
Diplogale,Viverridae
Diplomesodon,Soricidae
Diplomys,Echimyidae
Diplothrix,Muridae
Dipodomys,Heteromyidae
Dipus,Dipodidae
Distoechurus,Acrobatidae
Dobsonia,Pteropodidae
Dolichotis,Caviidae
Dologale,Herpestidae
Dorcatragus,Bovidae
Dorcopsis,Macropodidae
Dorcopsulus,Macropodidae
Dremomys,Sciuridae
Dromiciops,Microbiotheriidae
Dryadonycteris,Phyllostomidae
Drymoreomys,Cricetidae
Dryomys,Gliridae
Dugong,Dugongidae
Dusicyon,Canidae
Dyacopterus,Pteropodidae
Dymecodon,Talpidae
Echimys,Echimyidae
Echinops,Tenrecidae
Echinosorex,Erinaceidae
Echiothrix,Muridae
Echymipera,Peramelidae
Ectophylla,Phyllostomidae
Eidolon,Pteropodidae
Eira,Mustelidae
Elaphodus,Cervidae
Elaphurus,Cervidae
Elephantulus,Macroscelididae
Elephas,Elephantidae
Eligmodontia,Cricetidae
Eliomys,Gliridae
Eliurus,Nesomyidae
Ellobius,Cricetidae
Emballonura,Emballonuridae
Enchisthenes,Phyllostomidae
Enhydra,Mustelidae
Eoglaucomys,Sciuridae
Eolagurus,Cricetidae
Eonycteris,Pteropodidae
Eospalax,Spalacidae
Eothenomys,Cricetidae
Eozapus,Dipodidae
Episoriculus,Soricidae
Epixerus,Sciuridae
Epomophorus,Pteropodidae
Epomops,Pteropodidae
Eptesicus,Vespertilionidae
Equus,Equidae
Eremitalpa,Chrysochloridae
Eremodipus,Dipodidae
Eremoryzomys,Cricetidae
Erethizon,Erethizontidae
Erignathus,Phocidae
Erinaceus,Erinaceidae
Eropeplus,Muridae
Erophylla,Phyllostomidae
Erythrocebus,Cercopithecidae
Eschrichtius,Eschrichtiidae
Eubalaena,Balaenidae
Euchoreutes,Dipodidae
Euderma,Vespertilionidae
Eudiscoderma,Megadermatidae
Eudiscopus,Vespertilionidae
Eudorcas,Bovidae
Eulemur,Lemuridae
Eumetopias,Otariidae
Eumops,Molossidae
Euneomys,Cricetidae
Euoticus,Galagidae
Eupetaurus,Sciuridae
Euphractus,Dasypodidae
Eupleres,Eupleridae
Euroscaptor,Talpidae
Euryoryzomys,Cricetidae
Euryzygomatomys,Echimyidae
Exilisciurus,Sciuridae
Falsistrellus,Vespertilionidae
Felis,Felidae
Felovia,Ctenodactylidae
Feresa,Delphinidae
Feroculus,Soricidae
Fossa,Eupleridae
Fukomys,Bathyergidae
Funambulus,Sciuridae
Funisciurus,Sciuridae
Furipterus,Furipteridae
Galago,Galagidae
Galagoides,Galagidae
Galea,Caviidae
Galemys,Talpidae
Galenomys,Cricetidae
Galeopterus,Cynocephalidae
Galictis,Mustelidae
Galidia,Eupleridae
Galidictis,Eupleridae
Gazella,Bovidae
Genetta,Viverridae
Geocapromys,Capromyidae
Geogale,Tenrecidae
Geomys,Geomyidae
Georychus,Bathyergidae
Geoxus,Cricetidae
Gerbilliscus,Muridae
Gerbillurus,Muridae
Gerbillus,Muridae
Giraffa,Giraffidae
Glaucomys,Sciuridae
Glauconycteris,Vespertilionidae
Glironia,Didelphidae
Glirulus,Gliridae
Glis,Gliridae
Glischropus,Vespertilionidae
Globicephala,Delphinidae
Glossophaga,Phyllostomidae
Glyphonycteris,Phyllostomidae
Glyphotes,Sciuridae
Golunda,Muridae
Gorilla,Hominidae
Gracilinanus,Didelphidae
Grammomys,Muridae
Grampus,Delphinidae
Graomys,Cricetidae
Graphiurus,Gliridae
Gulo,Mustelidae
Gymnobelideus,Petauridae
Gymnuromys,Nesomyidae
Habromys,Cricetidae
Hadromys,Muridae
Haeromys,Muridae
Halichoerus,Phocidae
Halmaheramys,Muridae
Handleyomys,Cricetidae
Hapalemur,Lemuridae
Hapalomys,Muridae
Haplonycteris,Pteropodidae
Harpiocephalus,Vespertilionidae
Harpiola,Vespertilionidae
Harpyionycteris,Pteropodidae
Heimyscus,Muridae
Helarctos,Ursidae
Heliophobius,Bathyergidae
Heliosciurus,Sciuridae
Helogale,Herpestidae
Hemibelideus,Pseudocheiridae
Hemicentetes,Tenrecidae
Hemiechinus,Erinaceidae
Hemigalus,Viverridae
Hemitragus,Bovidae
Herpailurus,Felidae
Herpestes,Herpestidae
Hesperoptenus,Vespertilionidae
Heterocephalus,Bathyergidae
Heterohyrax,Procaviidae
Heteromys,Heteromyidae
Heteropsomys,Echimyidae
Hexolobodon,Capromyidae
Hippidion,Equidae
Hippocamelus,Cervidae
Hippopotamus,Hippopotamidae
Hipposideros,Hipposideridae
Hippotragus,Bovidae
Histiotus,Vespertilionidae
Histriophoca,Phocidae
Hodomys,Cricetidae
Holochilus,Cricetidae
Homo,Hominidae
Homotherium,Felidae
Hoolock,Hylobatidae
Hoplomys,Echimyidae
Hsunycteris,Phyllostomidae
Huetia,Chrysochloridae
Hyaena,Hyaenidae
Hybomys,Muridae
Hydrochoerus,Caviidae
Hydrodamalis,Dugongidae
Hydromys,Muridae
Hydropotes,Cervidae
Hydrurga,Phocidae
Hyemoschus,Tragulidae
Hyladelphys,Didelphidae
Hylaeamys,Cricetidae
Hylobates,Hylobatidae
Hylochoerus,Suidae
Hylomys,Erinaceidae
Hylomyscus,Muridae
Hylonycteris,Phyllostomidae
Hylopetes,Sciuridae
Hyomys,Muridae
Hyosciurus,Sciuridae
Hyperacrius,Cricetidae
Hyperoodon,Hyperoodontidae
Hypogeomys,Nesomyidae
Hypsignathus,Pteropodidae
Hypsiprymnodon,Hypsiprymnodontidae
Hypsugo,Vespertilionidae
Hystrix,Hystricidae
Ia,Vespertilionidae
Ichneumia,Herpestidae
Ichthyomys,Cricetidae
Ictidomys,Sciuridae
Ictonyx,Mustelidae
Idionycteris,Vespertilionidae
Idiurus,Anomaluridae
Indopacetus,Hyperoodontidae
Indri,Indriidae
Inia,Iniidae
Iomys,Sciuridae
Irenomys,Cricetidae
Isolobodon,Capromyidae
Isoodon,Peramelidae
Isothrix,Echimyidae
Isthmomys,Cricetidae
Jaculus,Dipodidae
Juliomys,Cricetidae
Juscelinomys,Cricetidae
Kadarsanomys,Muridae
Kannabateomys,Echimyidae
Kerivoula,Vespertilionidae
Kerodon,Caviidae
Kobus,Bovidae
Kogia,Kogiidae
Komodomys,Muridae
Kunsia,Cricetidae
Laephotis,Vespertilionidae
Lagenodelphis,Delphinidae
Lagenorhynchus,Delphinidae
Lagidium,Chinchillidae
Lagorchestes,Macropodidae
Lagostomus,Chinchillidae
Lagostrophus,Macropodidae
Lagothrix,Atelidae
Lagurus,Cricetidae
Lama,Camelidae
Lamottemys,Muridae
Lampronycteris,Phyllostomidae
Laonastes,Diatomyidae
Lariscus,Sciuridae
Lasionycteris,Vespertilionidae
Lasiopodomys,Cricetidae
Lasiorhinus,Vombatidae
Lasiurus,Vespertilionidae
Latidens,Pteropodidae
Lavia,Megadermatidae
Leggadina,Muridae
Leimacomys,Muridae
Lemmiscus,Cricetidae
Lemmus,Cricetidae
Lemniscomys,Muridae
Lemur,Lemuridae
Lenomys,Muridae
Lenothrix,Muridae
Lenoxus,Cricetidae
Leontocebus,Callitrichidae
Leontopithecus,Callitrichidae
Leopardus,Felidae
Leopoldamys,Muridae
Lepilemur,Lepilemuridae
Leporillus,Muridae
Leptailurus,Felidae
Leptomys,Muridae
Leptonychotes,Phocidae
Leptonycteris,Phyllostomidae
Lepus,Leporidae
Lestodelphys,Didelphidae
Lestoros,Caenolestidae
Liberiictis,Herpestidae
Lichonycteris,Phyllostomidae
Limnogale,Tenrecidae
Limnomys,Muridae
Liomys,Heteromyidae
Lionycteris,Phyllostomidae
Lipotes,Lipotidae
Lissodelphis,Delphinidae
Litocranius,Bovidae
Lobodon,Phocidae
Lonchophylla,Phyllostomidae
Lonchorhina,Phyllostomidae
Lonchothrix,Echimyidae
Lontra,Mustelidae
Lophiomys,Cricetidae
Lophocebus,Cercopithecidae
Lophostoma,Phyllostomidae
Lophuromys,Muridae
Lorentzimys,Muridae
Loris,Lorisidae
Loxodonta,Elephantidae
Loxodontomys,Cricetidae
Lundomys,Cricetidae
Lutra,Mustelidae
Lutreolina,Didelphidae
Lutrogale,Mustelidae
Lycaon,Canidae
Lyncodon,Mustelidae
Lynx,Felidae
Macaca,Cercopithecidae
Macroderma,Megadermatidae
Macrogalidia,Viverridae
Macroglossus,Pteropodidae
Macrophyllum,Phyllostomidae
Macropus,Macropodidae
Macroscelides,Macroscelididae
Macrotarsomys,Nesomyidae
Macrotis,Thylacomyidae
Macrotus,Phyllostomidae
Macruromys,Muridae
Madoqua,Bovidae
Madromys,Muridae
Makalata,Echimyidae
Malacomys,Muridae
Malacothrix,Nesomyidae
Mallomys,Muridae
Malpaisomys,Muridae
Mammelomys,Muridae
Mammut,Mammutidae
Mammuthus,Mammutidae
Mandrillus,Cercopithecidae
Manis,Manidae
Margaretamys,Muridae
Marmosa,Didelphidae
Marmosops,Didelphidae
Marmota,Sciuridae
Martes,Mustelidae
Massoutiera,Ctenodactylidae
Mastacomys,Muridae
Mastomys,Muridae
Maxomys,Muridae
Mazama,Cervidae
Megadendromus,Nesomyidae
Megaderma,Megadermatidae
Megadontomys,Cricetidae
Megaerops,Pteropodidae
Megaladapis,Megaladapidae
Megaloceros,Cervidae
Megaloglossus,Pteropodidae
Megalomys,Cricetidae
Megaoryzomys,Cricetidae
Megaptera,Balaenopteridae
Megasorex,Soricidae
Melanomys,Cricetidae
Melasmothrix,Muridae
Meles,Mustelidae
Mellivora,Mustelidae
Melogale,Mustelidae
Melomys,Muridae
Melonycteris,Pteropodidae
Melursus,Ursidae
Menetes,Sciuridae
Mephitis,Mephitidae
Meriones,Muridae
Mesechinus,Erinaceidae
Mesembriomys,Muridae
Mesocapromys,Capromyidae
Mesocricetus,Cricetidae
Mesomys,Echimyidae
Mesophylla,Phyllostomidae
Mesoplodon,Hyperoodontidae
Metachirus,Didelphidae
Mico,Callitrichidae
Microakodontomys,Cricetidae
Microcavia,Caviidae
Microcebus,Cheirogaleidae
Microdillus,Muridae
Microdipodops,Heteromyidae
Microgale,Tenrecidae
Microhydromys,Muridae
Micromys,Muridae
Micronycteris,Phyllostomidae
Microperoryctes,Peramelidae
Micropotamogale,Tenrecidae
Micropteropus,Pteropodidae
Microryzomys,Cricetidae
Microsciurus,Sciuridae
Microtus,Cricetidae
Millardia,Muridae
Mimetillus,Vespertilionidae
Mimon,Phyllostomidae
Mindomys,Cricetidae
Miniopterus,Miniopteridae
Miopithecus,Cercopithecidae
Miracinonyx,Felidae
Mirimiri,Pteropodidae
Mirounga,Phocidae
Mirza,Cheirogaleidae
Mirzamys,Muridae
Mogera,Talpidae
Molossops,Molossidae
Molossus,Molossidae
Monachus,Phocidae
Monodelphis,Didelphidae
Monodon,Monodontidae
Monophyllus,Phyllostomidae
Monticolomys,Nesomyidae
Mops,Molossidae
Mormoops,Mormoopidae
Mormopterus,Molossidae
Moschiola,Tragulidae
Moschus,Moschidae
Mosia,Emballonuridae
Mungos,Herpestidae
Mungotictis,Eupleridae
Muntiacus,Cervidae
Murexia,Dasyuridae
Muriculus,Muridae
Murina,Vespertilionidae
Mus,Muridae
Muscardinus,Gliridae
Musonycteris,Phyllostomidae
Musseromys,Muridae
Mustela,Mustelidae
Mydaus,Mephitidae
Mylodon,Mylodontidae
Mylomys,Muridae
Myocastor,Myocastoridae
Myodes,Cricetidae
Myoictis,Dasyuridae
Myomimus,Gliridae
Myomyscus,Muridae
Myonycteris,Pteropodidae
Myoprocta,Dasyproctidae
Myopterus,Molossidae
Myopus,Cricetidae
Myosciurus,Sciuridae
Myosorex,Soricidae
Myospalax,Spalacidae
Myotis,Vespertilionidae
Myotragus,Bovidae
Myrmecobius,Myrmecobiidae
Myrmecophaga,Myrmecophagidae
Mysateles,Capromyidae
Mystacina,Mystacinidae
Mystromys,Nesomyidae
Myzopoda,Myzopodidae
Naemorhedus,Bovidae
Nandinia,Nandiniidae
Nanger,Bovidae
Nannosciurus,Sciuridae
Nanonycteris,Pteropodidae
Napaeozapus,Dipodidae
Nasalis,Cercopithecidae
Nasua,Procyonidae
Nasuella,Procyonidae
Natalus,Natalidae
Neacomys,Cricetidae
Neamblysomus,Chrysochloridae
Necromys,Cricetidae
Nectogale,Soricidae
Nectomys,Cricetidae
Nelsonia,Cricetidae
Neodon,Cricetidae
Neofelis,Felidae
Neofiber,Cricetidae
Neohylomys,Erinaceidae
Neomonachus,Phocidae
Neomys,Soricidae
Neonycteris,Phyllostomidae
Neophascogale,Dasyuridae
Neophoca,Otariidae
Neophocaena,Phocoenidae
Neopteryx,Pteropodidae
Neoromicia,Vespertilionidae
Neotetracus,Erinaceidae
Neotoma,Cricetidae
Neotomodon,Cricetidae
Neotomys,Cricetidae
Neotragus,Bovidae
Neovison,Mustelidae
Nephelomys,Cricetidae
Nesokia,Muridae
Nesolagus,Leporidae
Nesomys,Nesomyidae
Nesophontes,Nesophontidae
Nesoromys,Muridae
Nesoryzomys,Cricetidae
Nesotragus,Bovidae
Neurotrichus,Talpidae
Neusticomys,Cricetidae
Nilgiritragus,Bovidae
Nilopegamys,Muridae
Ningaui,Dasyuridae
Niviventer,Muridae
Noctilio,Noctilionidae
Nomascus,Hylobatidae
Noronhomys,Cricetidae
Nothrotheriops,Nothrotheriidae
Notiomys,Cricetidae
Notiosorex,Soricidae
Notocitellus,Sciuridae
Notomys,Muridae
Notopteris,Pteropodidae
Notoryctes,Notoryctidae
Nyctalus,Vespertilionidae
Nyctereutes,Canidae
Nycteris,Nycteridae
Nycticebus,Lorisidae
Nycticeinops,Vespertilionidae
Nycticeius,Vespertilionidae
Nyctiellus,Natalidae
Nyctimene,Pteropodidae
Nyctinomops,Molossidae
Nyctomys,Cricetidae
Nyctophilus,Vespertilionidae
Ochotona,Ochotonidae
Ochrotomys,Cricetidae
Octodon,Octodontidae
Octodontomys,Octodontidae
Octomys,Octodontidae
Odobenus,Odobenidae
Odocoileus,Cervidae
Oecomys,Cricetidae
Oenomys,Muridae
Okapia,Giraffidae
Olallamys,Echimyidae
Oligoryzomys,Cricetidae
Ommatophoca,Phocidae
Ondatra,Cricetidae
Onychogalea,Macropodidae
Onychomys,Cricetidae
Orcaella,Delphinidae
Orcinus,Delphinidae
Oreamnos,Bovidae
Oreonax,Atelidae
Oreoryzomys,Cricetidae
Oreotragus,Bovidae
Ornithorhynchus,Ornithorhynchidae
Orthogeomys,Geomyidae
Orycteropus,Orycteropodidae
Oryctolagus,Leporidae
Oryx,Bovidae
Oryzomys,Cricetidae
Oryzorictes,Tenrecidae
Osgoodomys,Cricetidae
Otaria,Otariidae
Otocolobus,Felidae
Otocyon,Canidae
Otolemur,Galagidae
Otomops,Molossidae
Otomys,Muridae
Otonycteris,Vespertilionidae
Otonyctomys,Cricetidae
Otopteropus,Pteropodidae
Otospermophilus,Sciuridae
Ototylomys,Cricetidae
Ourebia,Bovidae
Ovibos,Bovidae
Ovis,Bovidae
Oxymycterus,Cricetidae
Ozotoceros,Cervidae
Pachyuromys,Muridae
Pagophilus,Phocidae
Paguma,Viverridae
Palaeopropithecus,Palaeopropithecidae
Palawanomys,Muridae
Pan,Hominidae
Panthera,Felidae
Pantholops,Bovidae
Papagomys,Muridae
Papio,Cercopithecidae
Pappogeomys,Geomyidae
Paracoelops,Hipposideridae
Paracrocidura,Soricidae
Paracynictis,Herpestidae
Paradipus,Dipodidae
Paradoxurus,Viverridae
Paraechinus,Erinaceidae
Parahydromys,Muridae
Paraleptomys,Muridae
Paralomys,Cricetidae
Paramelomys,Muridae
Parantechinus,Dasyuridae
Paranyctimene,Pteropodidae
Parascalops,Talpidae
Parascaptor,Talpidae
Parastrellus,Vespertilionidae
Paratriaenops,Rhinonycteridae
Paraxerus,Sciuridae
Pardofelis,Felidae
Parotomys,Muridae
Paruromys,Muridae
Pattonomys,Echimyidae
Paucidentomys,Muridae
Paulamys,Muridae
Pearsonomys,Cricetidae
Pecari,Tayassuidae
Pectinator,Ctenodactylidae
Pedetes,Pedetidae
Pelea,Bovidae
Pelomys,Muridae
Pennatomys,Cricetidae
Pentalagus,Leporidae
Penthetor,Pteropodidae
Peponocephala,Delphinidae
Perameles,Peramelidae
Perodicticus,Lorisidae
Perognathus,Heteromyidae
Peromyscus,Cricetidae
Peropteryx,Emballonuridae
Peroryctes,Peramelidae
Petaurillus,Sciuridae
Petaurista,Sciuridae
Petauroides,Pseudocheiridae
Petaurus,Petauridae
Petinomys,Sciuridae
Petrodromus,Macroscelididae
Petrogale,Macropodidae
Petromus,Petromuridae
Petromyscus,Nesomyidae
Petropseudes,Pseudocheiridae
Phacochoerus,Suidae
Phaenomys,Cricetidae
Phalanger,Phalangeridae
Phaner,Cheirogaleidae
Pharotis,Vespertilionidae
Phascogale,Dasyuridae
Phascolarctos,Phascolarctidae
Phascolosorex,Dasyuridae
Phataginus,Manidae
Phenacomys,Cricetidae
Philander,Didelphidae
Philantomba,Bovidae
Philetor,Vespertilionidae
Phloeomys,Muridae
Phoca,Phocidae
Phocarctos,Otariidae
Phocoena,Phocoenidae
Phocoenoides,Phocoenidae
Phodopus,Cricetidae
Phoniscus,Vespertilionidae
Phylloderma,Phyllostomidae
Phyllomys,Echimyidae
Phyllonycteris,Phyllostomidae
Phyllops,Phyllostomidae
Phyllostomus,Phyllostomidae
Phyllotis,Cricetidae
Physeter,Physeteridae
Pipanacoctomys,Octodontidae
Pipistrellus,Vespertilionidae
Pithecheir,Muridae
Pithecheirops,Muridae
Pithecia,Pitheciidae
Plagiodontia,Capromyidae
Planigale,Dasyuridae
Platacanthomys,Platacanthomyidae
Platalina,Phyllostomidae
Platanista,Platanistidae
Platymops,Molossidae
Platyrrhinus,Phyllostomidae
Plecotus,Vespertilionidae
Plerotes,Pteropodidae
Podogymnura,Erinaceidae
Podomys,Cricetidae
Podoxymys,Cricetidae
Poecilogale,Mustelidae
Poelagus,Leporidae
Pogonomelomys,Muridae
Pogonomys,Muridae
Poiana,Viverridae
Poliocitellus,Sciuridae
Pongo,Hominidae
Pontoporia,Pontoporiidae
Porcula,Suidae
Potamochoerus,Suidae
Potamogale,Tenrecidae
Potorous,Potoroidae
Potos,Procyonidae
Praomys,Muridae
Presbytis,Cercopithecidae
Priodontes,Dasypodidae
Prionailurus,Felidae
Prionodon,Viverridae
Prionomys,Nesomyidae
Procapra,Bovidae
Procavia,Procaviidae
Procolobus,Cercopithecidae
Procyon,Procyonidae
Proechimys,Echimyidae
Proedromys,Cricetidae
Prolagus,Prolagidae
Prolemur,Lemuridae
Prometheomys,Cricetidae
Promops,Molossidae
Pronolagus,Leporidae
Propithecus,Indriidae
Prosciurillus,Sciuridae
Proteles,Hyaenidae
Protochromys,Muridae
Protoxerus,Sciuridae
Psammomys,Muridae
Pseudalopex,Canidae
Pseudantechinus,Dasyuridae
Pseudocheirus,Pseudocheiridae
Pseudochirops,Pseudocheiridae
Pseudochirulus,Pseudocheiridae
Pseudohydromys,Muridae
Pseudois,Bovidae
Pseudomys,Muridae
Pseudorca,Delphinidae
Pseudoryx,Bovidae
Pseudoryzomys,Cricetidae
Ptenochirus,Pteropodidae
Pteralopex,Pteropodidae
Pteromys,Sciuridae
Pteromyscus,Sciuridae
Pteronotus,Mormoopidae
Pteronura,Mustelidae
Pteropus,Pteropodidae
Ptilocercus,Ptilocercidae
Pudu,Cervidae
Puma,Felidae
Punomys,Cricetidae
Pusa,Phocidae
Pygathrix,Cercopithecidae
Pygeretmus,Dipodidae
Pygoderma,Phyllostomidae
Rangifer,Cervidae
Raphicerus,Bovidae
Rattus,Muridae
Ratufa,Sciuridae
Redunca,Bovidae
Reithrodon,Cricetidae
Reithrodontomys,Cricetidae
Rhabdomys,Muridae
Rhagomys,Cricetidae
Rheithrosciurus,Sciuridae
Rheomys,Cricetidae
Rhinoceros,Rhinocerotidae
Rhinolophus,Rhinolophidae
Rhinonicteris,Rhinonycteridae
Rhinophylla,Phyllostomidae
Rhinopithecus,Cercopithecidae
Rhinopoma,Rhinopomatidae
Rhinosciurus,Sciuridae
Rhipidomys,Cricetidae
Rhizomys,Spalacidae
Rhogeessa,Vespertilionidae
Rhombomys,Muridae
Rhynchocyon,Macroscelididae
Rhynchogale,Herpestidae
Rhyncholestes,Caenolestidae
Rhynchomeles,Peramelidae
Rhynchomys,Muridae
Rhynchonycteris,Emballonuridae
Romerolagus,Leporidae
Rousettus,Pteropodidae
Rubrisciurus,Sciuridae
Rucervus,Cervidae
Rungwecebus,Cercopithecidae
Rupicapra,Bovidae
Rusa,Cervidae
Ruwenzorisorex,Soricidae
Saccolaimus,Emballonuridae
Saccopteryx,Emballonuridae
Saccostomus,Nesomyidae
Saguinus,Callitrichidae
Saiga,Bovidae
Saimiri,Cebidae
Salanoia,Eupleridae
Salinomys,Cricetidae
Salpingotulus,Dipodidae
Salpingotus,Dipodidae
Santamartamys,Echimyidae
Sapajus,Cebidae
Sarcophilus,Dasyuridae
Sauromys,Molossidae
Saxatilomys,Muridae
Scalopus,Talpidae
Scapanulus,Talpidae
Scapanus,Talpidae
Scapteromys,Cricetidae
Scaptochirus,Talpidae
Scaptonyx,Talpidae
Sciurillus,Sciuridae
Sciurocheirus,Galagidae
Sciurotamias,Sciuridae
Sciurus,Sciuridae
Scleronycteris,Phyllostomidae
Scolomys,Cricetidae
Scoteanax,Vespertilionidae
Scotinomys,Cricetidae
Scotoecus,Vespertilionidae
Scotomanes,Vespertilionidae
Scotonycteris,Pteropodidae
Scotophilus,Vespertilionidae
Scotorepens,Vespertilionidae
Scotozous,Vespertilionidae
Scutisorex,Soricidae
Sekeetamys,Muridae
Selevinia,Gliridae
Semnopithecus,Cercopithecidae
Setifer,Tenrecidae
Setonix,Macropodidae
Sicista,Dipodidae
Sigmodon,Cricetidae
Sigmodontomys,Cricetidae
Simias,Cercopithecidae
Smilodon,Felidae
Sminthopsis,Dasyuridae
Smutsia,Manidae
Solenodon,Solenodontidae
Solisorex,Soricidae
Solomys,Muridae
Sommeromys,Muridae
Sooretamys,Cricetidae
Sorex,Soricidae
Soricomys,Muridae
Soriculus,Soricidae
Sotalia,Delphinidae
Sousa,Delphinidae
Spalacopus,Octodontidae
Spalax,Spalacidae
Speothos,Canidae
Spermophilopsis,Sciuridae
Spermophilus,Sciuridae
Sphaerias,Pteropodidae
Sphaeronycteris,Phyllostomidae
Spilocuscus,Phalangeridae
Spilogale,Mephitidae
Srilankamys,Muridae
Steatomys,Nesomyidae
Stenella,Delphinidae
Steno,Delphinidae
Stenocephalemys,Muridae
Stenoderma,Phyllostomidae
Stochomys,Muridae
Strigocuscus,Phalangeridae
Sturnira,Phyllostomidae
Styloctenium,Pteropodidae
Stylodipus,Dipodidae
Submyotodon,Vespertilionidae
Suncus,Soricidae
Sundamys,Muridae
Sundasciurus,Sciuridae
Surdisorex,Soricidae
Suricata,Herpestidae
Sus,Suidae
Syconycteris,Pteropodidae
Sylvicapra,Bovidae
Sylvilagus,Leporidae
Sylvisorex,Soricidae
Symphalangus,Hylobatidae
Synaptomys,Cricetidae
Syncerus,Bovidae
Syntheosciurus,Sciuridae
Tachyglossus,Tachyglossidae
Tachyoryctes,Spalacidae
Tadarida,Molossidae
Taeromys,Muridae
Talpa,Talpidae
Tamandua,Myrmecophagidae
Tamias,Sciuridae
Tamiasciurus,Sciuridae
Tamiops,Sciuridae
Tapecomys,Cricetidae
Taphozous,Emballonuridae
Tapirus,Tapiridae
Tarsipes,Tarsipedidae
Tarsius,Tarsiidae
Tarsomys,Muridae
Tasmacetus,Hyperoodontidae
Tateomys,Muridae
Tatera,Muridae
Taterillus,Muridae
Taxidea,Mustelidae
Tayassu,Tayassuidae
Tenrec,Tenrecidae
Tetracerus,Bovidae
Thallomys,Muridae
Thalpomys,Cricetidae
Thamnomys,Muridae
Thaptomys,Cricetidae
Theropithecus,Cercopithecidae
Thomasomys,Cricetidae
Thomomys,Geomyidae
Thoopterus,Pteropodidae
Thrichomys,Echimyidae
Thryonomys,Thryonomyidae
Thylacinus,Thylacinidae
Thylamys,Didelphidae
Thylogale,Macropodidae
Thyroptera,Thyropteridae
Tlacuatzin,Didelphidae
Tokudaia,Muridae
Tolypeutes,Dasypodidae
Tomopeas,Molossidae
Tonatia,Phyllostomidae
Tonkinomys,Muridae
Toromys,Echimyidae
Trachops,Phyllostomidae
Trachypithecus,Cercopithecidae
Tragelaphus,Bovidae
Tragulus,Tragulidae
Transandinomys,Cricetidae
Tremarctos,Ursidae
Triaenops,Rhinonycteridae
Trichechus,Trichechidae
Trichosurus,Phalangeridae
Trichys,Hystricidae
Trinomys,Echimyidae
Trinycteris,Phyllostomidae
Trogopterus,Sciuridae
Tryphomys,Muridae
Tscherskia,Cricetidae
Tupaia,Tupaiidae
Tursiops,Delphinidae
Tylomys,Cricetidae
Tylonycteris,Vespertilionidae
Tympanoctomys,Octodontidae
Typhlomys,Platacanthomyidae
Uranomys,Muridae
Urocitellus,Sciuridae
Urocyon,Canidae
Uroderma,Phyllostomidae
Urogale,Tupaiidae
Uromys,Muridae
Uropsilus,Talpidae
Urotrichus,Talpidae
Ursus,Ursidae
Vampyressa,Phyllostomidae
Vampyrodes,Phyllostomidae
Vampyrum,Phyllostomidae
Vandeleuria,Muridae
Varecia,Lemuridae
Vernaya,Muridae
Vespadelus,Vespertilionidae
Vespertilio,Vespertilionidae
Vicugna,Camelidae
Viverra,Viverridae
Viverricula,Viverridae
Voalavo,Nesomyidae
Volemys,Cricetidae
Vombatus,Vombatidae
Vormela,Mustelidae
Vulpes,Canidae
Waiomys,Muridae
Wallabia,Macropodidae
Wiedomys,Cricetidae
Wilfredomys,Cricetidae
Wyulda,Phalangeridae
Xenomys,Cricetidae
Xenothrix,Pitheciidae
Xenuromys,Muridae
Xeromys,Muridae
Xeronycteris,Phyllostomidae
Xerospermophilus,Sciuridae
Xerus,Sciuridae
Zaedyus,Dasypodidae
Zaglossus,Tachyglossidae
Zalophus,Otariidae
Zapus,Dipodidae
Zelotomys,Muridae
Zenkerella,Anomaluridae
Ziphius,Hyperoodontidae
Zygodontomys,Cricetidae
Zygogeomys,Geomyidae
Zyzomys,Muridae
Acheus,Bradypodidae
Acodon,Cricetidae
Acrocodia,Tapiridae
Adelonycteris,Vespertilionidae
Adenota,Bovidae
Aegoceros,Bovidae
Aeorestes,Vespertilionidae
Aethalodes,Pteropodidae
Aethoglis,Gliridae
Aethurus,Anomaluridae
Afronycteris,Vespertilionidae
Agouti,Cuniculidae
Akondon,Cricetidae
Alactagulus,Dipodidae
Allochrocebus,Cercopithecidae
Alopex,Canidae
Alterodon,Heptaxodontidae
Amblonyx,Mustelidae
Amblyocix,Mustelidae
Amblyrhiza,Heptaxodontidae
Ameranthropoides,Atelidae
Anahyster,Mustelidae
Anamygdon,Vespertilionidae
Anisonyx,Aplodontiidae
Anomalurops,Anomaluridae
Anteliomys,Cricetidae
Anthorhina,Phyllostomidae
Anthropopithecus,Hominidae
Arbusticola,Cricetidae
Arctogale,Mustelidae
Arctomys,Sciuridae
Arctophoca,Otariidae
Arctopithecus,Bradypodidae
Asinus,Equidae
Asiocricetus,Cricetidae
Atalapha,Vespertilionidae
Atalpha,Vespertilionidae
Atelodus,Rhinocerotidae
Atopogale,Solenodontidae
Aulacomys,Cricetidae
Australophocaena,Phocoenidae
Australophocoena,Phocoenidae
Austronomus,Molossidae
Avahis,Indriidae
Baeodon,Vespertilionidae
Barangia,Mustelidae
Barticonycteris,Phyllostomidae
Beluga,Monodontidae
Bifa,Gliridae
Bolomys,Cricetidae
Boneia,Pteropodidae
Brassomys,Muridae
Bunopithecus,Hylobatidae
Cabreramops,Molossidae
Cabreramys,Cricetidae
Callinycteris,Pteropodidae
Callithryx,Pitheciidae
Callitrix,Pitheciidae
Canariomys,Muridae
Caninmuntiacus,Cervidae
Carlito,Tarsiidae
Carponycteris,Pteropodidae
Cassistrellus,Vespertilionidae
Catoblepas,Bovidae
Celaenomys,Muridae
Cephalopachus,Tarsiidae
Cephalotes,Pteropodidae
Ceratodon,Monodontidae
Ceratorhinus,Rhinocerotidae
Cercolophocebus,Cercopithecidae
Chaeropithecus,Cercopithecidae
Charronia,Mustelidae
Cheiromys,Daubentoniidae
Cheliones,Muridae
Cheracebus,Pitheciidae
Chilonycteris,Mormoopidae
Chilophylla,Hipposideridae
Chirogale,Cheirogaleidae
Chirogaleus,Cheirogaleidae
Choiropithecus,Cercopithecidae
Chroeomys,Cricetidae
Chrysopteron,Vespertilionidae
Chrysothrix,Cebidae
Citellus,Sciuridae
Citillus,Sciuridae
Claviglis,Gliridae
Clethrionomys,Cricetidae
Clidomys,Heptaxodontidae
Clymene,Delphinidae
Clymenia,Delphinidae
Colobolus,Cercopithecidae
Corvira,Phyllostomidae
Craseomys,Cricetidae
Cyclothurus,Cyclopedidae
Cynamolgus,Cercopithecidae
Cynomolgus,Cercopithecidae
Cynonycteris,Pteropodidae
Cynopithecus,Cercopithecidae
Dasypterus,Vespertilionidae
Delphinorhynchus,Platanistidae
Dendromys,Nesomyidae
Depanycteris,Emballonuridae
Didermocerus,Rhinocerotidae
Dioplodon,Hyperoodontidae
Dipodillus,Muridae
Dipodipus,Dipodidae
Discopus,Vespertilionidae
Dolichodon,Hyperoodontidae
Dolomys,Cricetidae
Doryrhina,Hipposideridae
Dyromys,Gliridae
Dysopes,Molossidae
Echinoprocta,Erethizontidae
Elasmodontomys,Heptaxodontidae
Electra,Delphinidae
Eleutherura,Pteropodidae
Epimys,Muridae
Eriodes,Atelidae
Eucheira,Megadermatidae
Euphysetes,Kogiidae
Euryalus,Rhinolophidae
Euryotis,Muridae
Eutamias,Sciuridae
Euyotis,Muridae
Evotomys,Cricetidae
Fiber,Cricetidae
Foetorius,Mustelidae
Fsihego,Hominidae
Furia,Furipteridae
Galera,Mustelidae
Galerella,Herpestidae
Gardnerycteris,Phyllostomidae
Gastrimargus,Atelidae
Gelada,Cercopithecidae
Glossonycteris,Phyllostomidae
Grison,Mustelidae
Grisonella,Mustelidae
Guereza,Cercopithecidae
Gunomys,Muridae
Gymnopus,Mustelidae
Gyomys,Muridae
Habrocebus,Indriidae
Halicyon,Phocidae
Hallomys,Nesomyidae
Hamadryas,Cercopithecidae
Hamster,Cricetidae
Hapale,Callitrichidae
Hapalotis,Muridae
Haplodon,Aplodontiidae
Harpyia,Pteropodidae
Harpyiocephalus,Vespertilionidae
Helectis,Mustelidae
Helictis,Mustelidae
Heliomys,Cricetidae
Heliophoca,Phocidae
Hemibradypus,Bradypodidae
Hemiderma,Phyllostomidae
Hesperomys,Cricetidae
Heterodon,Hyperoodontidae
Heterogeomys,Geomyidae
Hexaprotodon,Hippopotamidae
Hippotigris,Equidae
Hunterus,Balaenidae
Hydrictis,Mustelidae
Hydrochaeris,Caviidae
Hydrochaerus,Tapiridae
Hyonycteris,Thyropteridae
Hypoderma,Pteropodidae
Hypudacus,Cricetidae
Hypudaeus,Cricetidae
Ictis,Mustelidae
Indris,Indriidae
Inuus,Cercopithecidae
Ischnoglossa,Phyllostomidae
Isomys,Muridae
Istiophorus,Phyllostomidae
Ixalus,Bovidae
Jacchus,Callitrichidae
Kolonocus,Mustelidae
Kolonokus,Mustelidae
Koopmania,Phyllostomidae
Lagomys,Ochotonidae
Lamprogale,Mustelidae
Lasiomys,Muridae
Lasiopyga,Cercopithecidae
Latax,Mustelidae
Lataxina,Mustelidae
Leggada,Muridae
Leggadilla,Muridae
Lepidolemur,Lepilemuridae
Leptonyx,Mustelidae
Leuconoe,Vespertilionidae
Lichanotus,Indriidae
Lissonycteris,Pteropodidae
Lobostoma,Mormoopidae
Loncheres,Echimyidae
Lonchoglossa,Phyllostomidae
Lustra,Mustelidae
Lutreola,Mustelidae
Lutronectes,Mustelidae
Lycalopex,Canidae
Lynchailurus,Felidae
Lyroderma,Megadermatidae
Macaco,Atelidae
Macacus,Cercopithecidae
Macrocolus,Heteromyidae
Macrogeomys,Geomyidae
Macromerus,Indriidae
Macronycteris,Hipposideridae
Macrorhinus,Phocidae
Maimon,Cercopithecidae
Maki,Lemuridae
Margay,Felidae
Marmotta,Sciuridae
Mayermys,Muridae
Micaelamys,Muridae
Micoureus,Didelphidae
Micromurexia,Dasyuridae
Micronomus,Molossidae
Micropterus,Pteropodidae
Microsorex,Soricidae
Mictomys,Cricetidae
Midas,Callitrichidae
Mioxicebus,Cheirogaleidae
Mirostrellus,Vespertilionidae
Mixocebus,Lepilemuridae
Molossides,Molossidae
Monophylus,Phyllostomidae
Mormops,Mormoopidae
Murexechinus,Dasyuridae
Musculus,Muridae
Mycetes,Atelidae
Mynomes,Cricetidae
Myomys,Muridae
Myotalpa,Spalacidae
Myotomys,Muridae
Myoxus,Gliridae
Myscebus,Cheirogaleidae
Myspithecus,Cheirogaleidae
Mystax,Callitrichidae
Nannospalax,Spalacidae
Narwalus,Monodontidae
Nelomys,Echimyidae
Neoaschizomys,Cricetidae
Neohydromys,Muridae
Neomeris,Phocoenidae
Neomicroxus,Cricetidae
Neoplatymops,Molossidae
Nesiotites,Soricidae
Nesonycteris,Pteropodidae
Nesoscaptor,Talpidae
Niumbaha,Vespertilionidae
Noctulinia,Vespertilionidae
Nycticea,Molossidae
Nycticejus,Vespertilionidae
Nyctinomus,Molossidae
Nyctipithecus,Aotidae
Nysticeus,Vespertilionidae
Oedipomidas,Callitrichidae
Oedipus,Callitrichidae
Ogotoma,Ochotonidae
Oncifelis,Felidae
Opolemur,Cheirogaleidae
Opsiceros,Rhinocerotidae
Orca,Delphinidae
Oreailurus,Felidae
Osbornictis,Viverridae
Otolicnus,Galagidae
Ouakaria,Pitheciidae
Ozimops,Molossidae
Pachyotis,Vespertilionidae
Pachysoma,Pteropodidae
Pallasiomys,Muridae
Paragalago,Galagidae
Parahyaena,Hyaenidae
Parahypsugo,Vespertilionidae
Paraleporillus,Muridae
Paramurexia,Dasyuridae
Paraonyx,Mustelidae
Paremballonura,Emballonuridae
Pekania,Mustelidae
Perimyotis,Vespertilionidae
Perodipus,Heteromyidae
Peronymus,Emballonuridae
Petalia,Nycteridae
Phaiomys,Cricetidae
Phascomurexia,Dasyuridae
Phatages,Manidae
Phaulomys,Cricetidae
Philippinopterus,Molossidae
Phocaena,Delphinidae
Phodotes,Natalidae
Pholidotus,Manidae
Phyllodia,Mormoopidae
Phyllophora,Phyllostomidae
Phyllorhina,Hipposideridae
Phyllorrhina,Hipposideridae
Phyllostoma,Phyllostomidae
Physalus,Balaenopteridae
Piliocolobus,Cercopithecidae
Pithecus,Cercopithecidae
Pitymys,Cricetidae
Plantanista,Platanistidae
Platycranius,Cricetidae
Platygeomys,Geomyidae
Plecturocebus,Pitheciidae
Podanomalus,Muridae
Poecilictis,Mustelidae
Poemys,Nesomyidae
Potto,Lorisidae
Prodelphinus,Delphinidae
Profelis,Felidae
Prosimia,Lemuridae
Przewalskium,Cervidae
Pseudanthropos,Hominidae
Pseudopotto,Lorisidae
Pseudoromicia,Vespertilionidae
Pseudostoma,Geomyidae
Pterocyon,Pteropodidae
Pterura,Mustelidae
Pterygistes,Vespertilionidae
Puertoricomys,Echimyidae
Putorius,Mustelidae
Pyromys,Muridae
Quemisia,Heptaxodontidae
Ratellus,Mustelidae
Ratelus,Mustelidae
Reithronycteris,Phyllostomidae
Rhabdogale,Mustelidae
Rhagamys,Muridae
Rhinchonycteris,Phyllostomidae
Rhinomegalophus,Rhinolophidae
Rhinonycteris,Rhinonycteridae
Rhithrodontomys,Cricetidae
Rhizoplagiodontia,Capromyidae
Rhyneptesicus,Vespertilionidae
Rorqualus,Balaenopteridae
Rosmarus,Odobenidae
Sagmatias,Delphinidae
Saimiris,Cebidae
Salinoctomys,Octodontidae
Sapajou,Cebidae
Satyrus,Hominidae
Scabrifer,Vespertilionidae
Scalops,Talpidae
Schizostoma,Phyllostomidae
Scirtopoda,Dipodidae
Scoteinus,Vespertilionidae
Semnocebus,Cercopithecidae
Seniocebus,Callitrichidae
Setirostris,Molossidae
Sibbaldius,Balaenopteridae
Sigmoceros,Bovidae
Simia,Hominidae
Siphneus,Spalacidae
Siren,Otariidae
Sitomys,Cricetidae
Sminthus,Dipodidae
Spectrellum,Natalidae
Spectrum,Pteropodidae
Spelaeomys,Muridae
Speoxenus,Heptaxodontidae
Spermatophilus,Sciuridae
Sphiggurus,Erethizontidae
Spirodontomys,Heptaxodontidae
Stachycolobus,Cercopithecidae
Stenocranius,Cricetidae
Stenodelphis,Pontoporiidae
Stenomys,Muridae
Stenonycteris,Pteropodidae
Stenopontistes,Delphinidae
Stentor,Atelidae
Sturnirops,Phyllostomidae
Susu,Platanistidae
Sylvaemus,Muridae
Sylvimus,Muridae
Tapir,Tapiridae
Tapirella,Tapiridae
Tapyra,Tapiridae
Taurotragus,Bovidae
Tautatus,Muridae
Taxus,Mustelidae
Tayra,Mustelidae
Teonoma,Cricetidae
Thainycteris,Vespertilionidae
Thetomys,Muridae
Togomys,Muridae
Trichecus,Trichechidae
Trichomanis,Mustelidae
Troglodytes,Hominidae
Tropicolobus,Cercopithecidae
Tursio,Delphinidae
Uncia,Felidae
Urocryptus,Emballonuridae
Ursitaxus,Mustelidae
Vampyriscus,Phyllostomidae
Vampyrops,Phyllostomidae
Vampyrus,Phyllostomidae
Vansonia,Vespertilionidae
Vesperimus,Cricetidae
Vesperugo,Vespertilionidae
Vesperus,Vespertilionidae
Viscaccia,Chinchillidae
Xantharpyia,Pteropodidae
Xiphonycteris,Molossidae
Yerbua,Pedetidae
Zorilla,Mustelidae
Acratocnus,Megalonychidae
Agalmaceros,Cervidae
Antifer,Cervidae
Antillomys,Cricetidae
Antillothrix,Pitheciidae
Archaeoindris,Palaeopropithecidae
Arctotherium,Ursidae
Aztlanolagus,Leporidae
Babakotia,Palaeopropithecidae
Bootherium,Bovidae
Borungaboodie,Potoroidae
Brachyprotoma,Mephitidae
Caipora,Atelidae
Camelops,Camelidae
Candiacervus,Cervidae
CapriniGen,Bovidae
Capromeryx,Antilocapridae
Castoroides,Castoridae
Catonyx,Mylodontidae
Cervalces,Cervidae
Cuvieronius,Gomphotheriidae
Cynotherium,Canidae
Diabolotherium,Megalonychidae
Dicroceros,Cervidae
Diprotodon,Diprotodontidae
Doedicurus,CingulataFam
Elasmotherium,Rhinocerotidae
Eremotherium,Megatheriidae
Euceratherium,Bovidae
Eutatus,CingulataFam
Glossotherium,Mylodontidae
Glyptodon,CingulataFam
Glyptotherium,CingulataFam
Hadropithecus,Archaeolemuridae
Haploidoceros,Cervidae
Hemiauchenia,Camelidae
HexolobodontinaeGen,Echimyidae
Holmesina,CingulataFam
Hoplophorus,CingulataFam
Insulacebus,Pitheciidae
Kolpochoerus,Suidae
Lestodon,Mylodontidae
Macrauchenia,Macrauchenidae
Maokopia,Diprotodontidae
Megaceroides,Cervidae
Megalibgwilia,Tachyglossidae
Megalocnus,Megalonychidae
Megalonyx,Megalonychidae
Megalotragus,Bovidae
Megalovis,Bovidae
Megatherium,Megatheriidae
Mesopropithecus,Palaeopropithecidae
Metasthenurus,Macropodidae
Metridiochoerus,Suidae
Mixotoxodon,Toxodontidae
Morenelaphus,Cervidae
Muknalia,Tayassuidae
Mylohyus,Tayassuidae
Navahoceros,Cervidae
Neochoerus,Caviidae
Neocnus,Megalonychidae
Neolicaphrium,Proterotheriidae
Neosclerocalyptus,CingulataFam
Neotamias,Sciuridae
Neuryurus,CingulataFam
Nothrotherium,Nothrotheridae
Notiomastodon,Gomphotheriidae
Pachyarmatherium,CingulataFam
Pachylemur,Lemuridae
Palaeolama,Camelidae
Palorchestes,Diprotodontidae
Pampatherium,CingulataFam
Panochthus,CingulataFam
Paraceros,Cervidae
Paramylodon,Mylodontidae
Parocnus,Megalonychidae
Pelorovis,Bovidae
PeroryctinaeGen,Peramelidae
Phanourios,Hippopotamidae
Phascolonus,Vombatidae
Platygonus,Tayassuidae
Plesiorycteropus,Tenrecidae
Pliomys,Cricetidae
Praemegaceros,Cervidae
Procoptodon,Macropodidae
Propleopus,Hypsiprymnodontidae
Propraopus,CingulataFam
Protemnodon,Macropodidae
Protocyon,Canidae
Protopithecus,Atelidae
Pseudoberylmys,Muridae
Rusingoryx,Bovidae
Sangamona,Cervidae
Scelidodon,Mylodontidae
Scelidotherium,Mylodontidae
Simosthenurus,Macropodidae
Sinomegaceros,Cervidae
Sivacobus,Bovidae
Soergelia,Bovidae
Spirocerus,Bovidae
Stegodon,Stegodontidae
Stephanorhinus,Rhinocerotidae
Sthenurus,Macropodidae
Stockoceros,Antilocapridae
Tetrameryx,Antilocapridae
Theriodictis,Canidae
Thylacoleo,Thylacoleonidae
Toxodon,Toxodontidae
Trigonodops,Toxodontidae
Troposodon,Macropodidae
Valgipes,Mylodontidae
Warendja,Vombatidae
Xaymaca,Echimyidae
Xenorhinotherium,Macrauchenidae
Zygomaturus,Diprotodontidae
